jobtitle,link,gross_salary,job_openings,weekly_hours,monthly_hours,date_of_addition,date_of_update,kraz_number,phone_number,email,contact_person,employer,work_location
*asystent międzykulturowy,https://oferty.praca.gov.pl/portal/lista-ofert/szczegoly-oferty/2f99409ad1a7094f8d56f7183551cb1a,4666,1,40,160,17.10.2025,22.10.2025,(not listed),566543356,kadry@sp5.edu.torun.pl,,Szkoła Podstawowa Nr 5,"Żwirki i Wigury 1, 87-100 Toruń, powiat: m. Toruń, woj: kujawsko-pomorskie"
133 - Sprzedawca - kasjer 50+,https://oferty.praca.gov.pl/portal/lista-ofert/szczegoly-oferty/f72349ea1f4b942dbebf20e0e3223014,4666,1,40,160,17.10.2025,20.10.2025,(not listed),483867133,(not found),Pośrednik pracy,kontakt przez PUP,"Radom, powiat: m. Radom, woj: mazowieckie"
133-Sprzedawca,https://oferty.praca.gov.pl/portal/lista-ofert/szczegoly-oferty/e789432438dfbc8418182324dc270789,4666,1,40,160,17.10.2025,22.10.2025,(not listed),48 3867133,(not found),Pośrednictwo pracy,kontakt przez PUP,"Radom, powiat: m. Radom, woj: mazowieckie"
134 - pracownik fizyczny,https://oferty.praca.gov.pl/portal/lista-ofert/szczegoly-oferty/02b52b4b29e5785d3c69528dfed4795b,5000,1,40,160,17.10.2025,21.10.2025,(not listed),533592222,(not found),Damian Borkowski,LENMAR Damian Borkowski,"26-600 Radom, powiat: m. Radom, woj: mazowieckie"
135-Kierownik Uboju i Patroszenia Kurczaka,https://oferty.praca.gov.pl/portal/lista-ofert/szczegoly-oferty/081b38b38196a1a16f52680b8b815e11,4666,1,40,nie dotyczy,20.10.2025,(not listed),(not listed),722 220 055,d.stepien@kpspionki.pl,Dorota Stępień,KPS FOOD SP. Z O. O.,"ZAKŁADOWA 7, 26-670 Pionki, powiat: radomski, woj: mazowieckie"
Administrator projektu,https://oferty.praca.gov.pl/portal/lista-ofert/szczegoly-oferty/b3a26d126d36893f8cbe6a8d8981a615,5000,1,40,nie dotyczy,17.10.2025,21.10.2025,(not listed),618345640 w. 0739,m.widerska@poznan.praca.gov.pl,Monika Widerska,kontakt przez PUP,"Poznań, powiat: m. Poznań, woj: wielkopolskie"
Administrator zasobów,https://oferty.praca.gov.pl/portal/lista-ofert/szczegoly-oferty/f90ceabc80374a7ad08588a7e996972e,700,1,6,160,17.10.2025,(not listed),(not listed),84 688 29 30,(not found),Monika Buczko,"Spółdzielnia Mieszkaniowa ""Łada"" w Biłgoraju","3 Maja 40, 23-400 Biłgoraj, powiat: biłgorajski, woj: lubelskie"
Agent ochrony K/M,https://oferty.praca.gov.pl/portal/lista-ofert/szczegoly-oferty/cf06c2c28d5387ee3938eb195968404e,30,3,40,nie dotyczy,17.10.2025,22.10.2025,(not listed),885818808,(not found),,SIMPLY SERVICE SPÓŁKA Z OGRANICZONĄ ODPOWIEDZIALNOŚCIĄ,"Solidarności 117, 00-140 Warszawa, powiat: m.st. Warszawa, woj: mazowieckie"
Agent ochrony K/M,https://oferty.praca.gov.pl/portal/lista-ofert/szczegoly-oferty/f9b0c0eb950565e0d0493aebcccc97a6,31,2,nie dotyczy,nie dotyczy,20.10.2025,21.10.2025,(not listed),603 150 724,a.zatorska@labors.pl,,LABORS SPÓŁKA Z OGRANICZONĄ ODPOWIEDZIALNOŚCIĄ,"MLĄDZKA 10, 04-136 Warszawa, powiat: m.st. Warszawa, woj: mazowieckie"
Agent ubezpieczeniowy,https://oferty.praca.gov.pl/portal/lista-ofert/szczegoly-oferty/1d19f3a77ed4c16441fc04ff942053ac,4666,1,40,160,17.10.2025,21.10.2025,(not listed),(not found),(not found),Andrzej Kukliński,Andrzej Kukliński Centrum Ubezpieczeń,"Wojska Polskiego 30, 26-700 Zwoleń, powiat: zwoleński, woj: mazowieckie"
Animator,https://oferty.praca.gov.pl/portal/lista-ofert/szczegoly-oferty/fe1700a1a088c8ad0555a8c18f39b0a8,4666,1,40,160,20.10.2025,(not listed),(not listed),552723351,(not found),Karolina Orzeł,kontakt przez PUP,"Malbork, powiat: malborski, woj: pomorskie"
APLIKANT KURATORSKI,https://oferty.praca.gov.pl/portal/lista-ofert/szczegoly-oferty/16babca63e1b88e19b0aebd9b5340d0b,5023,1,40,160,20.10.2025,(not listed),(not listed),(not found),(not found),,SĄD OKRĘGOWY W POZNANIU,"Hejmowskiego 2, 61-746 Poznań, powiat: m. Poznań, woj: wielkopolskie"
Aplikant straży miejskiej,https://oferty.praca.gov.pl/portal/lista-ofert/szczegoly-oferty/3e7f9235dd45fac2ba7b214044911ce2,4806,1,40,nie dotyczy,17.10.2025,(not listed),(not listed),82 576 21 57,(not found),Agnieszka Kozyrska,Urząd Miasta Krasnystaw,"Plac 3 - go Maja 29, 22-300 Krasnystaw, powiat: krasnostawski, woj: lubelskie"
APLIKANT W WYDZIALE STRAŻY MIEJSKIEJ I ZARZĄDZANIA KRYZYSOWEGO,https://oferty.praca.gov.pl/portal/lista-ofert/szczegoly-oferty/6d6e9df719dd53cc3d081e7166316593,4950,1,40,nie dotyczy,17.10.2025,17.10.2025,(not listed),(not found),(not found),URSZULA BRUDNOWSKA,URZĄD MIASTA KĘDZIERZYN-KOŹLE,"PIRAMOWICZA 32, 47-200 Kędzierzyn-Koźle, powiat: kędzierzyńsko-kozielski, woj: opolskie"
Asystent brokera,https://oferty.praca.gov.pl/portal/lista-ofert/szczegoly-oferty/e987e97232759f2c966a45f77ee5dd30,5000,1,40,160,17.10.2025,(not listed),(not listed),(not found),i.janota.pkb@gmail.com,Ireneusz Janota,Pomorska Kancelaria Brokerska Ireneusz Janota,"Kiejstuta 7, 81-353 Gdynia, powiat: m. Gdynia, woj: pomorskie"
Asystent do spraw księgowości,https://oferty.praca.gov.pl/portal/lista-ofert/szczegoly-oferty/8fa33b9cf43108fe5fc1f33c27d57a92,4666,1,40,160,20.10.2025,(not listed),(not listed),748325235 w. 199,(not found),Dorota Matejaszek,kontakt przez PUP,"Dzierżoniów, powiat: dzierżoniowski, woj: dolnośląskie"
Asystent ds. fotografii produktowej R74/2609-1255/25,https://oferty.praca.gov.pl/portal/lista-ofert/szczegoly-oferty/1956c509f0dd0eefd9a0a518e49597ac,5240,1,40,160,20.10.2025,(not listed),(not listed),608-244-474,praca@skv.pl,,ESEN Wojciech Michorzewski S.K.A.,"87-800 Włocławek, powiat: m. Włocławek, woj: kujawsko-pomorskie"
Asystent geodety,https://oferty.praca.gov.pl/portal/lista-ofert/szczegoly-oferty/1846d996f6bb7238c7b168323ac73550,4666,1,40,160,17.10.2025,21.10.2025,(not listed),501 275 760,m.geomed@vp.pl,Marek Domagała,DOMAGAŁA MAREK 'GEOMED',"Armii Krajowej 13/87, 41-506 Chorzów, powiat: m. Chorzów, woj: śląskie"
Asystent międzykulturowy R72/2606-1253/25,https://oferty.praca.gov.pl/portal/lista-ofert/szczegoly-oferty/cb8e6aa15c90b7f10e48576ad31819e8,4666,1,40,nie dotyczy,17.10.2025,17.10.2025,(not listed),(not found),zs3@edukacja.wloclawek.eu,,ZESPÓŁ SZKÓŁ NR 3 IM. MARII GRZEGORZEWSKIEJ,"NOWOMIEJSKA 21, 87-800 Włocławek, powiat: m. Włocławek, woj: kujawsko-pomorskie"
Asystent muzealny,https://oferty.praca.gov.pl/portal/lista-ofert/szczegoly-oferty/36249a5b339a65fe5b29a81f78f2df40,5500,1,40,160,20.10.2025,(not listed),(not listed),609 428 520,(not found),Mariusz Świątek,MUZEUM REGIONALNE W JAŚLE,"Stanisława Kadyiego 11, 38-200 Jasło, powiat: jasielski, woj: podkarpackie"
Asystent nauczyciela przedszkola,https://oferty.praca.gov.pl/portal/lista-ofert/szczegoly-oferty/9a987013a43490d19049386b0aa73547,4666,1,40,160,17.10.2025,21.10.2025,(not listed),166488428 w. 34,lmirkiewiczgizewska@przeworsk.praca.gov.pl,Doradca zawodowy,kontakt przez PUP,"Przeworsk, powiat: przeworski, woj: podkarpackie"
Asystent osoby niepełnosprawnej,https://oferty.praca.gov.pl/portal/lista-ofert/szczegoly-oferty/6f84da20a4f033bafa9a26d9c41a3b82,4818,1,40,nie dotyczy,17.10.2025,21.10.2025,(not listed),732535334,sekretariat@sdswejherowo.pl,Eugenia Wirkus,Środowiskowy Dom Samopomocy w Wejherowie,"Zygmunta Krasińskiego 2, 84-200 Wejherowo, powiat: wejherowski, woj: pomorskie"
Asystent osoby niepełnosprawnej,https://oferty.praca.gov.pl/portal/lista-ofert/szczegoly-oferty/af9df34d5817713ff8bd91534e374129,4666,2,40,160,20.10.2025,21.10.2025,(not listed),486752788 w. 49,a.celuch@przysucha.praca.gov.pl,Angelika Celuch,kontakt przez PUP,"Przysucha, powiat: przysuski, woj: mazowieckie"
Asystent osoby niepełnosprawnej,https://oferty.praca.gov.pl/portal/lista-ofert/szczegoly-oferty/37fba6a6bbdcb4d0f36703e3c1a56985,30,1,nie dotyczy,30,20.10.2025,(not listed),(not listed),(not found),(not found),Karolina Chmielewska-Widerska,Miejsko-Gminny Ośrodek Pomocy Społecznej w Mikstacie,"Kościuszki 4, 63-510 Mikstat, powiat: ostrzeszowski, woj: wielkopolskie"
Asystent prokuratora,https://oferty.praca.gov.pl/portal/lista-ofert/szczegoly-oferty/6708053a13f36beaf031be8974b1373a,6500,3,40,160,20.10.2025,(not listed),(not listed),(not found),(not found),,PROKURATURA OKRĘGOWA POZNAŃ,"SOLNA 10, 61-736 Poznań, powiat: m. Poznań, woj: wielkopolskie"
Asystent sędziego,https://oferty.praca.gov.pl/portal/lista-ofert/szczegoly-oferty/9f24945d779cf934df375b5c27d93471,6500,1,40,nie dotyczy,17.10.2025,20.10.2025,(not listed),134375603,prezes@krosno.sr.gov.pl,,Sąd Rejonowy w Krośnie,"Henryka Sienkiewicza 12, 38-400 Krosno, powiat: m. Krosno, woj: podkarpackie"
Asystent sędziego,https://oferty.praca.gov.pl/portal/lista-ofert/szczegoly-oferty/40308807db2208809c4f84e4a56be83e,6500,1,40,160,17.10.2025,17.10.2025,(not listed),(not found),(not found),Dorota Dzięciołowska,Sąd Rejonowy w Łasku,"Kolejowa 12, 98-100 Łask, powiat: łaski, woj: łódzkie"
Asystent sędziego,https://oferty.praca.gov.pl/portal/lista-ofert/szczegoly-oferty/1e43ad499d444e93c1f258921c803ef2,7000,1,40,160,20.10.2025,(not listed),(not listed),(not found),kadry@bytom.sr.gov.pl,,Sąd Rejonowy w Bytomiu,"Piekarska 1, 41-902 Bytom, powiat: m. Bytom, woj: śląskie"
Asystent sędziego (nr 2337),https://oferty.praca.gov.pl/portal/lista-ofert/szczegoly-oferty/08a2d9df53ffc2e7b75c2c69a3ea272c,7500,1,40,160,20.10.2025,(not listed),(not listed),(not found),(not found),,SĄD OKRĘGOWY W BYDGOSZCZY,"Wały Jagiellońskie 2, 85-131 Bydgoszcz, powiat: m. Bydgoszcz, woj: kujawsko-pomorskie"
asystent urbanisty,https://oferty.praca.gov.pl/portal/lista-ofert/szczegoly-oferty/f030de60efb56d75f7633152f987fe4b,4700,1,40,160,20.10.2025,(not listed),(not listed),887-542-513,(not found),Patrycja Weber,"""DINO POLSKA"" SPÓŁKA AKCYJNA","Ostrowska 122, 63-700 Krotoszyn, powiat: krotoszyński, woj: wielkopolskie"
Asystent w dziale finansów i kadr,https://oferty.praca.gov.pl/portal/lista-ofert/szczegoly-oferty/e8b213036ad0cfe05687f41df585d097,(not listed),1,40,160,20.10.2025,(not listed),(not listed),326181920,(not found),Weronika Jelonek,kontakt przez PUP,"Jaworzno, powiat: m. Jaworzno, woj: śląskie"
Asystent/ka zarządu - sekretarz/sekretarka biura,https://oferty.praca.gov.pl/portal/lista-ofert/szczegoly-oferty/c142f536bbf2aab3275586d676c2c625,4666,1,40,160,20.10.2025,22.10.2025,(not listed),(not found),biuro@fdzarzadzanie.pl,Ewa Tomasik,FD ZARZĄDZANIE NIERUCHOMOŚCIAMI ADRIANNA FRANCZEWSKA-KRUPA SPÓŁKA KOMANDYTOWA,"AGATOWA 5/U8, 20-571 Lublin, powiat: m. Lublin, woj: lubelskie"
Asystentka administracyjna,https://oferty.praca.gov.pl/portal/lista-ofert/szczegoly-oferty/69415f9d0838d0e7631e6adea161165a,31,1,40,168,17.10.2025,(not listed),(not listed),667771351,a.bielicka@seito.pl,Agnieszka Bielicka,Seito Logistics Sp. z o. o.,"WŁOCŁAWSKA 147-157, 87-100 Toruń, powiat: m. Toruń, woj: kujawsko-pomorskie"
Asystentka ds. księgowości,https://oferty.praca.gov.pl/portal/lista-ofert/szczegoly-oferty/53510c16cc5bc8c14b4f7eb872664576,5000,1,40,160,17.10.2025,17.10.2025,(not listed),600-630-653,s.katlewski@prestigehr.pl,,BIURO RACHUNKOWE PRESTIGE OFFICE SPÓŁKA Z OGRANICZONĄ ODPOWIEDZIALNOŚCIĄ,"HANASIEWICZA 10, 35-103 Rzeszów, powiat: m. Rzeszów, woj: podkarpackie"
Asystentka medyczna,https://oferty.praca.gov.pl/portal/lista-ofert/szczegoly-oferty/eb5a748aea6c38ca77225b00629ce977,5400,1,40,nie dotyczy,20.10.2025,(not listed),(not listed),733 80 70 50,kontakt@lekarzpomorze.pl,Beata Dalecka,LEKARZ POMORZE Igor Gusarski,"Lubomira Szopińskiego 1A/5, 83-400 Kościerzyna, powiat: kościerski, woj: pomorskie"
Automatyk,https://oferty.praca.gov.pl/portal/lista-ofert/szczegoly-oferty/d63c665c8718c473a482b833cd00f140,6000,1,40,160,20.10.2025,(not listed),(not listed),41 366-95-17,rekrutacja@cpp-prema.pl,,"CENTRUM PRODUKCYJNE PNEUMATYKI ""PREMA"" SPÓŁKA AKCYJNA","Wapiennikowa 90, 25-900 Kielce, powiat: m. Kielce, woj: świętokrzyskie"
Barman,https://oferty.praca.gov.pl/portal/lista-ofert/szczegoly-oferty/93f8c4901204be14b9f7e2c18d032c32,4666,1,40,160,20.10.2025,(not listed),(not listed),672561409,karolina.sanocka@pupczarnkow.pl,Karolina Sanocka,kontakt przez PUP,"Wieleń, powiat: czarnkowsko-trzcianecki, woj: wielkopolskie"
Betoniarz -zbrojarz,https://oferty.praca.gov.pl/portal/lista-ofert/szczegoly-oferty/6af7637588a9f563ef1f85201121871c,5200,1,40,nie dotyczy,17.10.2025,(not listed),(not listed),601871749,(not found),,Przedsiębiorstwo Drogowe DROGBUD-Szablewski Sp. J.,"Kaliska 38a, 63-460 Nowe Skalmierzyce, powiat: ostrowski, woj: wielkopolskie"
betoniarz Niemcy,https://oferty.praca.gov.pl/portal/lista-ofert/szczegoly-oferty/ea41cbaea0b5920426622dbeff45f5ea,11000,10,40,160,20.10.2025,(not listed),(not listed),664994889 668229739,(not found),Pracodawca,"""PRZEDSIĘBIORSTWO BUDOWNICTWA OGÓLNEGO"" SPÓŁKA Z OGRANICZONĄ ODPOWIEDZIALNOŚCIĄ","STAROPRZYGODZKA 117, 63-400 Ostrów Wielkopolski, powiat: ostrowski, woj: wielkopolskie"
Bibliotekarz,https://oferty.praca.gov.pl/portal/lista-ofert/szczegoly-oferty/f69e9f141c0362b14e77a378c9243944,5153,1,30,90,20.10.2025,20.10.2025,(not listed),757323001,(not found),,Zespół Szkół Mechanicznych w Bolesławcu,"Górne Młyny 1, 59-700 Bolesławiec, powiat: bolesławiecki, woj: dolnośląskie"
Blacharz,https://oferty.praca.gov.pl/portal/lista-ofert/szczegoly-oferty/3a45c857c04991c42ede0ac57a7417b6,6000,2,40,160,17.10.2025,(not listed),(not listed),516 082 787,msswiacek@gmail.com,,MSS MAREK WIĄCEK,"82-500 Grabówko 9, powiat: kwidzyński, woj: pomorskie"
brukarz,https://oferty.praca.gov.pl/portal/lista-ofert/szczegoly-oferty/e979f5fce22eb40de226a897093016e4,4666,2,40,nie dotyczy,17.10.2025,(not listed),(not listed),32 277 90 14,(not found),Doradca do spraw zatrudnienia,kontakt przez PUP,"Zabrze, powiat: m. Zabrze, woj: śląskie"
Brukarz,https://oferty.praca.gov.pl/portal/lista-ofert/szczegoly-oferty/4ba40f10552519332c3ac954f069488b,6000,2,40,160,17.10.2025,(not listed),(not listed),601327057,(not found),Piotr Orlik,"F.H. ""ORLIK"" Karina Orlik","Lwowska 4, 48-100 Głubczyce, powiat: głubczycki, woj: opolskie"
brygadzista budowlany - majster,https://oferty.praca.gov.pl/portal/lista-ofert/szczegoly-oferty/6b081ae665c59b499d9dbe669f396e07,6500,1,40,nie dotyczy,17.10.2025,20.10.2025,(not listed),697574747,biuro@toczpol.pl,,TOCZPOL CONSTRUCTION GROUP SPÓŁKA Z OGRANICZONĄ ODPOWIEDZIALNOŚCIĄ,"Lubińska 55/11, 59-330 Ścinawa, powiat: lubiński, woj: dolnośląskie"
Brygadzista magazynu,https://oferty.praca.gov.pl/portal/lista-ofert/szczegoly-oferty/0d1705fb51dea4a4f83f02faad59ec68,4666,1,40,160,17.10.2025,22.10.2025,(not listed),(not found),(not found),Katarzyna Gieszczyńska,"""CURTIS EVOPLAST"" SPÓŁKA Z OGRANICZONĄ ODPOWIEDZIALNOŚCIĄ","06-516 Krzywonoś, powiat: mławski, woj: mazowieckie"
Brygadzista R69/2602-1250/25,https://oferty.praca.gov.pl/portal/lista-ofert/szczegoly-oferty/cc2210a3bad2538d1576b165a1a400b1,13000,2,40,160,17.10.2025,(not listed),(not listed),605-527-746,(not found),Daniel Rybaki,PSM DANIEL RYBACKI,"88-210 Dęby, powiat: radziejowski, woj: kujawsko-pomorskie"
budownictwa drogowo - mostowe,https://oferty.praca.gov.pl/portal/lista-ofert/szczegoly-oferty/5b54277d1d466fd14077fa7d052606ad,5000,1,40,nie dotyczy,17.10.2025,17.10.2025,(not listed),(not found),(not found),Napiórkowska Alicja,Zarząd Dróg Wojewódzkich,"Bałtycka  20, 11-400 Kętrzyn, powiat: kętrzyński, woj: warmińsko-mazurskie"
Bufetowa - Pomoc cukiernika,https://oferty.praca.gov.pl/portal/lista-ofert/szczegoly-oferty/5b60ba503acc2ef888ba8279f7f4518f,4730,1,40,nie dotyczy,17.10.2025,20.10.2025,(not listed),77 402 18 55,kadry@spolem.opole.pl,,",,Społem"" Powszechna Spółdzielnia Spożywców w Opolu","Pl. Teatralny 13, 45-056 Opole, powiat: m. Opole, woj: opolskie"
Chemik (ogłoszenie nr 30/2025.) K/M,https://oferty.praca.gov.pl/portal/lista-ofert/szczegoly-oferty/c64c3ece197263f7951802225f90a708,5250,1,40,nie dotyczy,20.10.2025,21.10.2025,(not listed),(not found),rekrutacja@ibprs.pl,,INSTYTUT BIOTECHNOLOGII PRZEMYSŁU ROLNO-SPOŻYWCZEGO IM. PROF. WACŁAWA DĄBROWSKIEGO - PAŃSTWOWY INSTYTUT BADAWCZY,"Rakowiecka 36, 02-532 Warszawa, powiat: m.st. Warszawa, woj: mazowieckie"
Cieśla,https://oferty.praca.gov.pl/portal/lista-ofert/szczegoly-oferty/5c8294fb39dab7ab77452c664d3ba764,5000,1,40,nie dotyczy,17.10.2025,(not listed),(not listed),"601871749 , 60967694",drogbud.szablewski@o2.pl,,Przedsiębiorstwo Drogowe DROGBUD-Szablewski Sp. J.,"Kaliska 38a, 63-460 Nowe Skalmierzyce, powiat: ostrowski, woj: wielkopolskie"
Cieśla,https://oferty.praca.gov.pl/portal/lista-ofert/szczegoly-oferty/7a0371531818b3b0a7efa9241b3de6e1,5000,1,40,160,20.10.2025,(not listed),(not listed),600 807 041,maziarzaneta@interia.pl,Barbara Maziarz,PRZEDSIĘBIORSTWO HANDLOWO-USŁUGOWE BARBARA MAZIARZ,"Wolności 16e, 97-400 Bełchatów, powiat: bełchatowski, woj: łódzkie"
Cieśla,https://oferty.praca.gov.pl/portal/lista-ofert/szczegoly-oferty/c73cec152cb044773e89981b0e62bfaf,4666,1,40,160,20.10.2025,21.10.2025,(not listed),453 521 277,(not found),Mateusz Gäschin,Rancho_Drzazga / Mateusz Gäschin,"Słoneczna  2, 42-350 Nowa Kuźnica, powiat: myszkowski, woj: śląskie"
cieśla Niemcy,https://oferty.praca.gov.pl/portal/lista-ofert/szczegoly-oferty/ee3ee07e8d4a8c36e387e17604448ade,11000,10,40,160,20.10.2025,(not listed),(not listed),664994889 668229739,(not found),Pracodawca,"""PRZEDSIĘBIORSTWO BUDOWNICTWA OGÓLNEGO"" SPÓŁKA Z OGRANICZONĄ ODPOWIEDZIALNOŚCIĄ","STAROPRZYGODZKA 117, 63-400 Ostrów Wielkopolski, powiat: ostrowski, woj: wielkopolskie"
Cieśla szalunkowy,https://oferty.praca.gov.pl/portal/lista-ofert/szczegoly-oferty/485912ae71a485e53dde12f6255d0aa5,6000,5,40,160,17.10.2025,(not listed),(not listed),504 008 275,mariusz.uryga@urygus.pl,Pracodawca,URYGUS Mariusz Uryga,"34-602 Laskowa 756, powiat: limanowski, woj: małopolskie"
Cukiernik,https://oferty.praca.gov.pl/portal/lista-ofert/szczegoly-oferty/23070eb0a59a7cfa531c1e06dea12146,4730,1,40,nie dotyczy,17.10.2025,(not listed),(not listed),77 402 18 55,kadry@spolem.opole.pl,,",,Społem"" Powszechna Spółdzielnia Spożywców w Opolu","Pl. Teatralny 13, 45-056 Opole, powiat: m. Opole, woj: opolskie"
Cukiernik,https://oferty.praca.gov.pl/portal/lista-ofert/szczegoly-oferty/60cb9296b1fffccc9093385db211263b,(not listed),(not listed),(not listed),(not listed),(not listed),(not listed),(not listed),(not found),(not found),(not found),(not found),(not found)
Cukiernik,https://oferty.praca.gov.pl/portal/lista-ofert/szczegoly-oferty/65a4c87a5cb69a3cb030a2a4ff029d23,(not listed),1,40,160,20.10.2025,(not listed),(not listed),297453393,(not found),Wiktoria Nowakowska,kontakt przez PUP,"Ostrów Mazowiecka, powiat: ostrowski, woj: mazowieckie"
Cukiernik (oferta pracy po stażu),https://oferty.praca.gov.pl/portal/lista-ofert/szczegoly-oferty/897e34e7a7cef11510433e3c803dc0db,4666,1,40,160,20.10.2025,20.10.2025,(not listed),183536307,sekretariat@gorlice.praca.gov.pl,Maciej Guterch,kontakt przez PUP,"Gorlice, powiat: gorlicki, woj: małopolskie"
Dekarz,https://oferty.praca.gov.pl/portal/lista-ofert/szczegoly-oferty/29796724e0680c213a65c637b5b012bd,32,30,40,160,17.10.2025,(not listed),(not listed),669 445 601  502 550 799,(not found),Adam Kordek,KORABUD SPÓŁKA Z OGRANICZONĄ ODPOWIEDZIALNOŚCIĄ,"44-113 Gliwice, powiat: m. Gliwice, woj: śląskie"
Dekarz,https://oferty.praca.gov.pl/portal/lista-ofert/szczegoly-oferty/5c83b2019969e2e84621016a338a90c3,5000,1,40,nie dotyczy,17.10.2025,(not listed),(not listed),697574747,(not found),,TOCZPOL CONSTRUCTION GROUP SPÓŁKA Z OGRANICZONĄ ODPOWIEDZIALNOŚCIĄ,"Lubińska 55/11, 59-330 Ścinawa, powiat: lubiński, woj: dolnośląskie"
Dekarz,https://oferty.praca.gov.pl/portal/lista-ofert/szczegoly-oferty/29cf1b5dc55414aeeace9f3977c06f47,9000,1,40,160,20.10.2025,(not listed),(not listed),606 610 514,(not found),Andrzej Bylski,Usługi Ogólnobudowlane Andrzej Bylski,"Fińska 16, 75-355 Koszalin, powiat: m. Koszalin, woj: zachodniopomorskie"
Dekarz,https://oferty.praca.gov.pl/portal/lista-ofert/szczegoly-oferty/82332e0b5e40ccf80cade0070c0519c2,4666,3,40,160,20.10.2025,(not listed),(not listed),500 755 566,(not found),,Fortis Marcin Wawrzeńczak,"RYDZA ŚMIGŁEGO, 41-933 Bytom, powiat: m. Bytom, woj: śląskie"
Dekarz,https://oferty.praca.gov.pl/portal/lista-ofert/szczegoly-oferty/82332e0b5e40ccf80cade0070c0519c2,4666,3,40,160,20.10.2025,(not listed),(not listed),500 755 566,(not found),,Fortis Marcin Wawrzeńczak,"RYDZA ŚMIGŁEGO, 41-933 Bytom, powiat: m. Bytom, woj: śląskie"
doposażenie PFRON -garmażer-sprzedawca,https://oferty.praca.gov.pl/portal/lista-ofert/szczegoly-oferty/ac957a74ecda665cbf0cfb9dfc722b55,4666,1,40,160,17.10.2025,21.10.2025,(not listed),323497134,(not found),Agnieszka Nowrot,kontakt przez PUP,"Chorzów, powiat: m. Chorzów, woj: śląskie"
Doradca ds. zatrudnienia,https://oferty.praca.gov.pl/portal/lista-ofert/szczegoly-oferty/2feb6f64936c4a03ccfb5c1a6a23248c,4840,1,40,160,20.10.2025,20.10.2025,(not listed),182669897 w.210,(not found),Magdalena Szpórnóg,Powiatowy Urząd Pracy w Nowym Targu,"Szpitalna 14, 34-400 Nowy Targ, powiat: nowotarski, woj: małopolskie"
Doradca klienta,https://oferty.praca.gov.pl/portal/lista-ofert/szczegoly-oferty/b52d1d108c625a75121e01aa03186657,4666,1,40,160,20.10.2025,(not listed),(not listed),32 281-33-07,(not found),Doradca ds zatrudnienia,kontakt przez PUP,"Bytom, powiat: m. Bytom, woj: śląskie"
Doradca klienta ST ALG 493/2604/25,https://oferty.praca.gov.pl/portal/lista-ofert/szczegoly-oferty/ace8c3e0b2b6f1d1ca6810ec7bb0acc5,(not listed),1,40,160,20.10.2025,(not listed),(not listed),542340089 w. 56,jjezewska@wloclawek.praca.gov.pl,Joanna Jeżewska,kontakt przez PUP,"Włocławek, powiat: m. Włocławek, woj: kujawsko-pomorskie"
Doradca rolniczy,https://oferty.praca.gov.pl/portal/lista-ofert/szczegoly-oferty/c265009d86476d534e7fa5e3d71bb1e1,4666,1,40,160,20.10.2025,(not listed),(not listed),(not found),(not found),,Wielkopolski Ośrodek Doradztwa Rolniczego w Poznaniu,"60-163 Poznań 29, powiat: m. Poznań, woj: wielkopolskie"
doradca zawodowy,https://oferty.praca.gov.pl/portal/lista-ofert/szczegoly-oferty/046fd3a2c903de2772d9ec900a4c2cca,2262,1,0,160,17.10.2025,(not listed),(not listed),68 451-39-51,budowlankazg@gmail.com,Małgorzata Szczech,"Centrum Kształcenia Zawodowego i Ustawicznego Nr 1 ""Budowlanka""","Botaniczna 50, 65-392 Zielona Góra, powiat: m. Zielona Góra, woj: lubuskie"
Dostawca potraw,https://oferty.praca.gov.pl/portal/lista-ofert/szczegoly-oferty/19df96d70fb8da6a4a48a68ddac2e110,4666,1,40,160,17.10.2025,20.10.2025,(not listed),874252446,(not found),Aleksandra Zawacka,kontakt przez PUP,"Pisz, powiat: piski, woj: warmińsko-mazurskie"
Drwal/ Pilarz drzew,https://oferty.praca.gov.pl/portal/lista-ofert/szczegoly-oferty/15510fcd5de3895cc4516f02b01e14b8,4666,2,40,160,20.10.2025,(not listed),(not listed),601 631 009,zielen@zielen.pl,,"PRZEDSIĘBIORSTWO PRODUKCYJNO-USŁUGOWE ""ZIELEŃ"" SPÓŁKA Z OGRANICZONĄ ODPOWIEDZIALNOŚCIĄ","PARTYZANTÓW 76, 80-254 Gdańsk, powiat: m. Gdańsk, woj: pomorskie"
Drwal/ Pilarz drzew,https://oferty.praca.gov.pl/portal/lista-ofert/szczegoly-oferty/15510fcd5de3895cc4516f02b01e14b8,4666,2,40,160,20.10.2025,(not listed),(not listed),601 631 009,zielen@zielen.pl,,"PRZEDSIĘBIORSTWO PRODUKCYJNO-USŁUGOWE ""ZIELEŃ"" SPÓŁKA Z OGRANICZONĄ ODPOWIEDZIALNOŚCIĄ","PARTYZANTÓW 76, 80-254 Gdańsk, powiat: m. Gdańsk, woj: pomorskie"
*asystent międzykulturowy,https://oferty.praca.gov.pl/portal/lista-ofert/szczegoly-oferty/2f99409ad1a7094f8d56f7183551cb1a,4666,1,40,160,17.10.2025,28.10.2025,(not listed),566543356,kadry@sp5.edu.torun.pl,,Szkoła Podstawowa Nr 5,"Żwirki i Wigury 1, 87-100 Toruń, powiat: m. Toruń, woj: kujawsko-pomorskie"
133-Sprzedawca,https://oferty.praca.gov.pl/portal/lista-ofert/szczegoly-oferty/e789432438dfbc8418182324dc270789,4666,1,40,160,17.10.2025,24.10.2025,(not listed),48 3867133,(not found),Pośrednictwo pracy,BUTIK-Andrzej Kępka,"Księdza  Łukasika 3, 26-612 Radom, powiat: m. Radom, woj: mazowieckie"
134 - pracownik fizyczny,https://oferty.praca.gov.pl/portal/lista-ofert/szczegoly-oferty/02b52b4b29e5785d3c69528dfed4795b,5000,1,40,160,17.10.2025,23.10.2025,(not listed),533592222,(not found),Damian Borkowski,LENMAR Damian Borkowski,"26-600 Radom, powiat: m. Radom, woj: mazowieckie"
Agent ochrony K/M,https://oferty.praca.gov.pl/portal/lista-ofert/szczegoly-oferty/cf06c2c28d5387ee3938eb195968404e,30,3,40,nie dotyczy,17.10.2025,29.10.2025,(not listed),885818808,(not found),,SIMPLY SERVICE SPÓŁKA Z OGRANICZONĄ ODPOWIEDZIALNOŚCIĄ,"Solidarności 117, 00-140 Warszawa, powiat: m.st. Warszawa, woj: mazowieckie"
Agent ubezpieczeniowy,https://oferty.praca.gov.pl/portal/lista-ofert/szczegoly-oferty/1d19f3a77ed4c16441fc04ff942053ac,4666,1,40,160,17.10.2025,29.10.2025,(not listed),(not found),(not found),Andrzej Kukliński,Andrzej Kukliński Centrum Ubezpieczeń,"Wojska Polskiego 30, 26-700 Zwoleń, powiat: zwoleński, woj: mazowieckie"
Asystent brokera,https://oferty.praca.gov.pl/portal/lista-ofert/szczegoly-oferty/e987e97232759f2c966a45f77ee5dd30,5000,1,40,160,17.10.2025,(not listed),(not listed),(not found),i.janota.pkb@gmail.com,Ireneusz Janota,Pomorska Kancelaria Brokerska Ireneusz Janota,"Kiejstuta 7, 81-353 Gdynia, powiat: m. Gdynia, woj: pomorskie"
Asystent geodety,https://oferty.praca.gov.pl/portal/lista-ofert/szczegoly-oferty/1846d996f6bb7238c7b168323ac73550,4666,1,40,160,17.10.2025,21.10.2025,(not listed),501 275 760,m.geomed@vp.pl,Marek Domagała,DOMAGAŁA MAREK 'GEOMED',"Armii Krajowej 13/87, 41-506 Chorzów, powiat: m. Chorzów, woj: śląskie"
